g,epsilon,t_event,h_center
0.001,0.5,11313.357230720625,1.0210032943622365
0.001,1,11043.737204590372,1.0149785721624107
0.001,2,10857.116317587432,1.0119987330289213
0.001071519305237606,0.5,10554.809428014538,1.0218861198519646
0.001071519305237606,1,10304.851472513988,1.01541556641159
0.001071519305237606,2,10131.552435040909,1.0122070737508007
0.0011481536214968829,0.5,9846.845466414836,1.0228309632577033
0.0011481536214968829,1,9615.322461042855,1.0158808398074486
0.0011481536214968829,2,9454.420882855306,1.0124427885398954
0.0012302687708123812,0.5,9186.145900914848,1.0238585069776318
0.0012302687708123812,1,8971.755816672905,1.0163785465951638
0.0012302687708123812,2,8822.503275327801,1.0126912139610882
0.0013182567385564075,0.5,8569.55378582224,1.02495940052075
0.0013182567385564075,1,8371.149584302655,1.0169152971670878
0.0013182567385564075,2,8232.737247473111,1.0129530740555466
0.001412537544622754,0.5,7994.170897193035,1.0261326682255474
0.001412537544622754,1,7810.638250068056,1.0174899660554804
0.001412537544622754,2,7682.372722811174,1.0132512839885632
0.0015135612484362087,0.5,7457.162367576967,1.0274094443311006
0.0015135612484362087,1,7287.568985930779,1.0180976604746266
0.0015135612484362087,2,7168.7185311826115,1.013544375007185
0.0016218100973589297,0.5,6956.056176205536,1.0287878634803742
0.0016218100973589297,1,6799.410289285144,1.0187740382428934
0.0016218100973589297,2,6689.34387735267,1.0138709617190127
0.0017378008287493763,0.5,6488.375228569604,1.030246833326949
0.0017378008287493763,1,6343.845420584709,1.0194853751096769
0.0017378008287493763,2,6241.954208077569,1.0142195764850959
0.0018620871366628676,0.5,6051.90709550798,1.0318533793154074
0.0018620871366628676,1,5918.6482849842805,1.020250394532142
0.0018620871366628676,2,5824.455342942566,1.014598715775517
0.001995262314968879,0.5,5644.640220777447,1.0335672260118045
0.001995262314968879,1,5521.878388694032,1.0210761840793556
0.001995262314968879,2,5434.802206003789,1.0149992065891325
0.0021379620895022326,0.5,5264.577806361971,1.0354407561876322
0.0021379620895022326,1,5151.594991751269,1.021959729184594
0.0021379620895022326,2,5071.18251005446,1.0154346336605582
0.0022908676527677724,0.5,4909.830429352033,1.0374378287458281
0.0022908676527677724,1,4805.9994368781345,1.0229188196535626
0.0022908676527677724,2,4731.795451649549,1.0159141211137301
0.002454708915685031,0.5,4578.823416140257,1.039638319899372
0.002454708915685031,1,4483.508381167615,1.0239369234235147
0.002454708915685031,2,4415.101118066257,1.0164000219420162
0.0026302679918953813,0.5,4269.98502999926,1.0419644646960697
0.0026302679918953813,1,4182.529137759131,1.0250500750810936
0.0026302679918953813,2,4119.539898755808,1.016940144284702
0.002818382931264455,0.5,3981.7011968186043,1.0445008091860015
0.002818382931264455,1,3901.643935533944,1.026240380955155
0.002818382931264455,2,3843.696639568131,1.0175164177266995
0.003019951720402016,0.5,3712.7552930856527,1.0472463777107954
0.003019951720402016,1,3639.5254480061476,1.0275167749193002
0.003019951720402016,2,3586.26844664444,1.0181361595786145
0.003235936569296281,0.5,3461.7315621508064,1.0502660712441134
0.003235936569296281,1,3394.897251332162,1.028903274428953
0.003235936569296281,2,3346.0254585979537,1.018805037759818
0.0034673685045253167,0.5,3227.504193402105,1.0535108619191131
0.0034673685045253167,1,3166.602870186388,1.0303918508321763
0.0034673685045253167,2,3121.8090611030007,1.0195299530082127
0.003715352290971724,0.5,3008.975774424868,1.0570033074614669
0.003715352290971724,1,2953.5596500681677,1.031997625032803
0.003715352290971724,2,2912.57090379058,1.0202911418545593
0.003981071705534973,0.5,2805.054601895635,1.0608370635367472
0.003981071705534973,1,2754.7328346833174,1.0337288504856401
0.003981071705534973,2,2717.3095212142516,1.0211160955208545
0.004265795188015926,0.5,2614.7607515391846,1.0650052860932764
0.004265795188015926,1,2569.204299997613,1.035595746539864
0.004265795188015926,2,2535.0652435076063,1.022003312182044
0.004570881896148752,0.5,2437.2070376274314,1.0695977610436138
0.004570881896148752,1,2396.0551469851084,1.0376201546401989
0.004570881896148752,2,2364.9917688478963,1.0229589680504843
0.004897788193684461,0.5,2271.573632981943,1.074555816810582
0.004897788193684461,1,2234.476069242187,1.039786479866201
0.004897788193684461,2,2206.281700070123,1.0240014590598947
0.005248074602497723,0.5,2117.0188624280436,1.0800402444314163
0.005248074602497723,1,2083.691686990332,1.0421480393757778
0.005248074602497723,2,2058.1542921489836,1.0250976752077148
0.005623413251903491,0.5,1972.839150371711,1.0860530681374498
0.005623413251903491,1,1942.9777940972817,1.0447146343879925
0.005623413251903491,2,1919.9233669362354,1.0262964481210508
0.0060255958607435805,0.5,1838.327432401148,1.0926872480871754
0.0060255958607435805,1,1811.6836550538083,1.0474759876312338
0.0060255958607435805,2,1790.929249528991,1.0275798377079548
0.006456542290346556,0.5,1712.8552221110542,1.1000172887222672
0.006456542290346556,1,1689.1492288705665,1.050478271601881
0.006456542290346556,2,1670.5308333773114,1.0289603118159814
0.006918309709189363,0.5,1595.8062241056048,1.1081788838997657
0.006918309709189363,1,1574.8187049442786,1.0537573629350887
0.006918309709189363,2,1558.1873808779317,1.0304605815350185
0.007413102413009177,0.5,1486.6440679771292,1.11734686914195
0.007413102413009177,1,1468.1482881045295,1.05729595169275
0.007413102413009177,2,1453.3351391074239,1.032077023931017
0.007943282347242814,0.5,1384.8253036511107,1.1276544993977207
0.007943282347242814,1,1368.5955939032076,1.061138418956665
0.007943282347242814,2,1355.4967047626765,1.0338053873891995
0.008511380382023759,0.5,1289.8742699950244,1.1395082030235337
0.008511380382023759,1,1275.696926378725,1.0653394252757529
0.008511380382023759,2,1264.1820835490769,1.0356862204857284
0.009120108393559097,0.5,1201.3272991389258,1.1533037972307028
0.009120108393559097,1,1189.0261690791133,1.0699470254033443
0.009120108393559097,2,1178.9719370668727,1.0377055626174652
0.009772372209558112,0.5,1118.7798732305928,1.1698981390108711
0.009772372209558112,1,1108.1692618546226,1.0749525611884243
0.009772372209558112,2,1099.4518946233538,1.0399007841899959
0.010471285480508996,0.5,1041.814267949858,1.1911227501011517
0.010471285480508996,1,1032.744588289311,1.0804237830240813
0.010471285480508996,2,1025.2438517563876,1.042262730426951
0.011220184543019636,0.5,970.0809707196097,1.2233719093340683
0.011220184543019636,1,962.3382125989198,1.0864896463683038
0.011220184543019636,2,955.9994040227039,1.0448289838421547
0.012022644346174132,0.5,903.2209980661913,1.3676407199710654
0.012022644346174132,1,896.6857969097667,1.093148921010462
0.012022644346174132,2,891.3856604569711,1.047595341271912
0.012882495516931335,0.5,840.9463029713759,1.9123301076144652
0.012882495516931335,1,835.435933217695,1.1005380435698018
0.012882495516931335,2,831.0855022074678,1.0506156945855067
0.013803842646028845,0.5,782.9756626621252,1.9765565630330055
0.013803842646028845,1,778.296229241924,1.108759000533074
0.013803842646028845,2,774.8125597724438,1.053887340642119
0.014791083881682071,0.5,728.9805189641963,2.0065365133206248
0.014791083881682071,1,725.0063905656332,1.1179710593667678
0.014791083881682071,2,722.3087847601763,1.0574420317538527
0.015848931924611134,0.5,678.6309971039904,2.027940116681545
0.015848931924611134,1,675.3050319994944,1.1283933048128536
0.015848931924611134,2,673.3164122873293,1.0613000208761005
0.016982436524617443,0.5,631.6954691746311,2.047522461400458
0.016982436524617443,1,628.9494740158547,1.1403418386005184
0.016982436524617443,2,627.6055296294934,1.065516188151673
0.018197008586099836,0.5,587.9787982041304,2.0675659714583894
0.018197008586099836,1,585.7256816384149,1.1543042703014763
0.018197008586099836,2,584.9512580967979,1.0701060772028965
0.019498445997580455,0.5,547.3110316309854,2.089565019919715
0.019498445997580455,1,545.427830367755,1.171239389173634
0.019498445997580455,2,545.1572161969549,1.075139394858792
0.020892961308540386,0.5,509.477777556897,2.1149698534463006
0.020892961308540386,1,507.8618221520139,1.193438286141574
0.020892961308540386,2,508.02593443169565,1.0806653708039335
0.02238721138568339,0.5,474.3343772690877,2.144605063288072
0.02238721138568339,1,472.84201319152766,1.233614595647905
0.02238721138568339,2,473.38849959060525,1.0867173414318665
0.023988329190194897,0.5,441.71959852515783,2.1799927255664193
0.023988329190194897,1,440.20239459407344,1.9063399894741315
0.023988329190194897,2,441.0750520682232,1.0934038348184334
0.025703957827688632,0.5,411.44229170059384,2.2242443743602207
0.025703957827688632,1,409.82510371247827,1.9933337624900633
0.025703957827688632,2,410.9294664679353,1.100812184334771
0.02754228703338166,0.5,383.3621674231871,2.28227246972618
0.02754228703338166,1,381.5319427323367,2.0187183380006357
0.02754228703338166,2,382.8125076807047,1.1090481639374952
0.029512092266663854,0.5,357.3292226702877,2.3627709166217024
0.029512092266663854,1,355.1491152901274,2.036080933304542
0.029512092266663854,2,356.5859723456878,1.1182832481160858
0.03162277660168379,0.5,333.1990503959216,2.4745278142942757
0.03162277660168379,1,330.5435527486823,2.0525569749549044
0.03162277660168379,2,332.1233921173774,1.1287493872056835
0.033884415613920256,0.5,310.8442759383041,2.602791465016536
0.033884415613920256,1,307.60254775788144,2.070459005617277
0.033884415613920256,2,309.31104935202904,1.1407563110954353
0.03630780547701014,0.5,290.1239098472928,2.7158788131027376
0.03630780547701014,1,286.2398718073859,2.09092770376327
0.03630780547701014,2,288.0400357919381,1.154806429167156
0.03890451449942805,0.5,270.9169387906,2.7999495423446845
0.03890451449942805,1,266.36818444688987,2.115152953115761
0.03890451449942805,2,268.2044395168666,1.171941213845685
0.04168693834703353,0.5,253.1030918335714,2.864413406266908
0.04168693834703353,1,247.88595664410747,2.144437320396551
0.04168693834703353,2,249.71412749322585,1.1949279635326828
0.0446683592150963,0.5,236.5827834454096,2.920127627633228
0.0446683592150963,1,230.7268978946178,2.181137863519464
0.0446683592150963,2,232.48075578133532,1.2553423109734987
0.047863009232263824,0.5,221.22565134755854,2.9713365065608963
0.047863009232263824,1,214.79566209205666,2.229750755021107
0.047863009232263824,2,216.42535236815658,1.9939178096357622
0.05128613839913648,0.5,206.96452624861675,3.0209378031479424
0.05128613839913648,1,200.01942058261065,2.30183635322563
0.05128613839913648,2,201.48264509214744,2.020519298437698
0.054954087385762455,0.5,193.6742502872692,3.0732864631354224
0.054954087385762455,1,186.31471936986685,2.432779968951203
0.054954087385762455,2,187.55753000111403,2.0351100240809803
0.0588843655355589,0.5,181.29812816959858,3.127939920109175
0.0588843655355589,1,173.6208677383352,2.6325917379783776
0.0588843655355589,2,174.55869440486177,2.049391400337005
0.0630957344480193,0.5,169.75786095522483,3.189047090769388
0.0630957344480193,1,161.85562993010228,2.7773148943053423
0.0630957344480193,2,162.43850030304168,2.065261390601618
0.06760829753919816,0.5,158.97563827986974,3.255672857436929
0.06760829753919816,1,150.96584606346508,2.8588959643598684
0.06760829753919816,2,151.13950000806963,2.0838121927074216
0.07244359600749899,0.5,148.89644614648424,3.330388568314266
0.07244359600749899,1,140.8753534770959,2.9166587578676855
0.07244359600749899,2,140.61728294751643,2.106077103808822
0.07762471166286916,0.5,139.4725334960742,3.4108493045379813
0.07762471166286916,1,131.526111005607,2.964232689420486
0.07762471166286916,2,130.82893366569195,2.133144088896686
0.08317637711026708,0.5,130.64443416276725,3.495860563247931
0.08317637711026708,1,122.85745329489363,3.0084153359659584
0.08317637711026708,2,121.7315317374449,2.167561485868628
0.08912509381337455,0.5,122.37827262620075,3.5802111027685246
0.08912509381337455,1,114.81643658219495,3.0529032895972996
0.08912509381337455,2,113.28201956372021,2.2145175881327175
0.09549925860214359,0.5,114.61684765492939,3.6636916877873835
0.09549925860214359,1,107.3468907615742,3.1011188446588216
0.09549925860214359,2,105.4436347474221,2.2935847721995493
0.10232929922807536,0.5,107.34786588878767,3.7421252581251068
0.10232929922807536,1,100.4051338750301,3.1550148077552462
0.10232929922807536,2,98.16968922274023,2.5157139841413714
0.1096478196143185,0.5,100.5256863172995,3.8138497428950324
0.1096478196143185,1,93.94816170471529,3.217010022133505
0.1096478196143185,2,91.43346769868269,2.7843371823930987
0.11748975549395291,0.5,94.11790497435472,3.880612196104162
0.11748975549395291,1,87.93195568044726,3.289441496019972
0.11748975549395291,2,85.19491128941175,2.8851388471104515
0.12589254117941676,0.5,88.1190557133918,3.9451080638107605
0.12589254117941676,1,82.32692747311187,3.3744862782118643
0.12589254117941676,2,79.41933808843913,2.9416170546306697
0.13489628825916533,0.5,82.47973744232752,4.006565522498071
0.13489628825916533,1,77.09618867640677,3.47043540101176
0.13489628825916533,2,74.07170691852762,2.983888328116227
0.1445439770745928,0.5,77.19004474894403,4.064339922785395
0.1445439770745928,1,72.2069248920264,3.5712696256769494
0.1445439770745928,2,69.11950898138038,3.021951067084715
0.1548816618912481,0.5,72.22911923904994,4.121142569446311
0.1548816618912481,1,67.64020901780779,3.669232134019524
0.1548816618912481,2,64.52882720464424,3.0608060676780307
0.16595869074375597,0.5,67.5825042944297,4.1763845587789845
0.16595869074375597,1,63.36765807064806,3.7591481338595782
0.16595869074375597,2,60.27574825498792,3.1034627984738483
0.1778279410038923,0.5,63.21815196209917,4.230115861725236
0.1778279410038923,1,59.3661293497331,3.839691619745194
0.1778279410038923,2,56.326646580226424,3.152688626944526
0.19054607179632463,0.5,59.16270010101886,4.285931218469497
0.19054607179632463,1,55.61997995763156,3.914070514238878
0.19054607179632463,2,52.66257328704602,3.2106943168329845
0.20417379446695297,0.5,55.35511260254302,4.343621549110351
0.20417379446695297,1,52.10928347586363,3.9832024562421213
0.20417379446695297,2,49.2582623805366,3.281710369117506
0.21877616239495518,0.5,51.81016283316525,4.402707175971418
0.21877616239495518,1,48.819349172461365,4.049141866254239
0.21877616239495518,2,46.09266381781438,3.3697474341506872
0.23442288153199228,0.5,48.50641567596371,4.464264897483249
0.23442288153199228,1,45.73545182845052,4.1142109706491015
0.23442288153199228,2,43.146474371013305,3.4762748835005537
0.25118864315095796,0.5,45.44155131321746,4.5277036782659135
0.25118864315095796,1,42.84473563962492,4.178320832855377
0.25118864315095796,2,40.40205149713062,3.5912519110017906
0.2691534803926914,0.5,42.56979485882431,4.591809326842958
0.2691534803926914,1,40.13538732593684,4.240996476661735
0.2691534803926914,2,37.844878231890675,3.699016469965314
0.28840315031266056,0.5,39.90145253257126,4.65225148157856
0.28840315031266056,1,37.59173062092093,4.303110527661179
0.28840315031266056,2,35.45821024722162,3.7918763796135813
0.3090295432513589,0.5,37.414889289539616,4.709134695425819
0.3090295432513589,1,35.21081825347349,4.364447299826383
0.3090295432513589,2,33.229433573426995,3.8729206653937904
0.3311311214825911,0.5,35.105488834764216,4.763457337780389
0.3311311214825911,1,32.97742644763015,4.424017496332114
0.3311311214825911,2,31.14751242227447,3.9476220247399323
0.3548133892335753,0.5,32.94869751710427,4.811783574784732
0.3548133892335753,1,30.88079312670817,4.480736393073634
0.3548133892335753,2,29.200003147003383,4.018810296957233
0.38018939632056126,0.5,30.928508028815113,4.8542996023338585
0.38018939632056126,1,28.91884905497043,4.534369499401523
0.38018939632056126,2,27.377497982261307,4.089232989420621
0.4073802778041126,0.5,29.06036401700468,4.893413517650611
0.4073802778041126,1,27.07775614244515,4.584480480159969
0.4073802778041126,2,25.672316475251797,4.160009576633844
0.43651583224016566,0.5,27.303613969322626,4.926945002748264
0.43651583224016566,1,25.350707698094283,4.629613707432599
0.43651583224016566,2,24.0751740025123,4.231705449305501
0.4677351412871981,0.5,25.666160383706497,4.95605437115208
0.4677351412871981,1,23.735573344392066,4.671239528175921
0.4677351412871981,2,22.579452124196955,4.304119577081937
0.501187233627272,0.5,24.138774724262852,4.98131853539255
0.501187233627272,1,22.230155771955122,4.709442384590933
0.501187233627272,2,21.17850286789664,4.3764227182083255
0.5370317963702527,0.5,22.707917678248712,5.002455267108166
0.5370317963702527,1,20.83119621731609,4.74414132059195
0.5370317963702527,2,19.865759391235535,4.447108874165586
0.5754399373371566,0.5,21.364398563730745,5.019882997988687
0.5754399373371566,1,19.53624318896985,4.77882084764496
0.5754399373371566,2,18.63622915885263,4.514776614052449
0.6165950018614822,0.5,20.1082951552104,5.034410570054718
0.6165950018614822,1,18.337765178052177,4.8150104096847155
0.6165950018614822,2,17.483332170637613,4.57743309740094
0.6606934480075958,0.5,18.930809895300687,5.0460622682753415
0.6606934480075958,1,17.228688697014334,4.851058906637774
0.6606934480075958,2,16.403528065308162,4.6345572997021875
0.707945784384138,0.5,17.82704006406624,5.05533567722809
0.707945784384138,1,16.200215202462815,4.885920089958104
0.707945784384138,2,15.391984239070158,4.68600582161695
0.7585775750291835,0.5,16.791455017838715,5.062724896430062
0.7585775750291835,1,15.247118402207715,4.918896617230302
0.7585775750291835,2,14.443541977808218,4.73149263523258
0.8128305161640986,0.5,15.81845689404368,5.06808447416954
0.8128305161640986,1,14.36170990804505,4.947615818159173
0.8128305161640986,2,13.55543926467426,4.771988865128815
0.8709635899560806,0.5,14.906070886117284,5.071984086391115
0.8709635899560806,1,13.53527079712475,4.972792764968021
0.8709635899560806,2,12.723518208752736,4.8074958649570245
0.9332543007969905,0.5,14.047601119580657,5.0746148319393445
0.9332543007969905,1,12.76838370754857,4.993879890720976
0.9332543007969905,2,11.942266273881955,4.838255256570685
1.0,0.5,13.241993654929583,5.076001622066437
1.0,1,12.05024290093662,5.010747815133035
1.0,2,11.209815368257157,4.864978098841071
